{
  "NORMAL": {
    "precision": 0.8374558303886925,
    "recall": 0.7882483370288248,
    "f1-score": 0.8121073672187321,
    "support": 902.0
  },
  "PNEUMONIA": {
    "precision": 0.8,
    "recall": 0.8470066518847007,
    "f1-score": 0.8228325255788906,
    "support": 902.0
  },
  "accuracy": 0.8176274944567627,
  "macro avg": {
    "precision": 0.8187279151943463,
    "recall": 0.8176274944567627,
    "f1-score": 0.8174699463988113,
    "support": 1804.0
  },
  "weighted avg": {
    "precision": 0.8187279151943463,
    "recall": 0.8176274944567627,
    "f1-score": 0.8174699463988114,
    "support": 1804.0
  }
}